{
    "users": [
        {
            "name": "steve",
            "email": "hackathontn@gmail.com",
            "phone": "123456789",
            "password": "scrypt:32768:8:1$yL5fWTVIeIByMimo$6244e287257660129fd029543545372ba847752d6f2b748d34d35410a10c2e5a9d721fc90970c83fccb03f8905d8bf64b160c3f81f0d6140a5c6ccbe217e9a1a"
        },
        {
            "name": "steve",
            "email": "steve@gmail.com",
            "phone": "1234567",
            "password": "scrypt:32768:8:1$O7CJZtX3tCQoOhrY$5af03575e53904707c3cbbd9e7a41679721295afac8cb1d206b90022a1cb72f1f184b3cdff28576ec7a7e68ff386b8b8ce9056d130fed3a2f0115fb9a96f7f7f"
        },
        {
            "name": "steve",
            "email": "allan@gmail.com",
            "phone": "121346",
            "password": "scrypt:32768:8:1$vnWpiE4oQlj7K47X$bca0855bbba14ed3627ea26601969c01e8d2f86c8809c48efa6779e1699ffe54c01f692f3378edf30c6bfb90829dc8e98a7cff89486e9b641bc6c4c7b33f14a9"
        },
        {
            "name": "ciphers",
            "email": "ciphers@gmail.com",
            "phone": "123456789",
            "password": "scrypt:32768:8:1$f4JKQXD90SwPytFq$742068a836ad5f16f9db01259614c2a517f31c023417f178f4452d62ecb2da6c0453d8c34f9ea96d34ab238cd1a59e53457da13009eceb12924df5f72bfb0678"
        }
    ]
}